{
  "game_id": "22a42c8a-1e07-4fdb-a31b-2e56e11a4986",
  "start_time": "2025-02-14T14:46:51.850549+00:00",
  "choices": [
    {
      "round": 0,
      "quadrant": 0,
      "cue_name": "A",
      "color": "RED",
      "timestamp": "2025-02-14T14:46:53.175Z",
      "choice_number": 1
    },
    {
      "round": 1,
      "quadrant": 1,
      "cue_name": "B",
      "color": "RED",
      "timestamp": "2025-02-14T14:46:53.800Z",
      "choice_number": 1
    },
    {
      "round": 2,
      "quadrant": 2,
      "cue_name": "C",
      "color": "RED",
      "timestamp": "2025-02-14T14:46:54.409Z",
      "choice_number": 1
    },
    {
      "round": 3,
      "quadrant": 0,
      "cue_name": "A",
      "color": "RED",
      "timestamp": "2025-02-14T14:46:56.960Z",
      "choice_number": 1
    },
    {
      "round": 3,
      "quadrant": 2,
      "cue_name": "C",
      "color": "GREEN",
      "timestamp": "2025-02-14T14:46:57.488Z",
      "choice_number": 2
    }
  ],
  "final_choice": {
    "chosen_quadrant": 2,
    "correct": false,
    "score": -100,
    "biased_quadrant": 1
  },
  "completion_time": "2025-02-14T14:47:04.496003+00:00",
  "total_duration": 12.645454,
  "success": false
}