{
  "game_id": "d6cc47bf-a62d-4e8a-9a3e-67f55a481ce6",
  "start_time": "2025-02-14T14:52:22.375280+00:00",
  "choices": [
    {
      "round": 0,
      "quadrant": 3,
      "cue_name": "D",
      "color": "GREEN",
      "timestamp": "2025-02-14T14:52:22.987Z",
      "choice_number": 1
    },
    {
      "round": 1,
      "quadrant": 3,
      "cue_name": "D",
      "color": "RED",
      "timestamp": "2025-02-14T14:52:24.522Z",
      "choice_number": 1
    }
  ],
  "final_choice": {
    "chosen_quadrant": 3,
    "correct": false,
    "score": -100,
    "biased_quadrant": 1
  },
  "completion_time": "2025-02-14T14:52:28.521465+00:00",
  "total_duration": 6.146185,
  "success": false
}