{
  "game_id": "c7681446-05f6-4420-9543-f5c61de9fa90",
  "start_time": "2025-02-10T17:45:41.698250+00:00",
  "choices": [
    {
      "round": 0,
      "quadrant": 0,
      "cue_name": "A",
      "color": "GREEN",
      "timestamp": "2025-02-10T17:45:43.022Z",
      "choice_number": 1
    },
    {
      "round": 1,
      "quadrant": 2,
      "cue_name": "C",
      "color": "GREEN",
      "timestamp": "2025-02-10T17:45:44.462Z",
      "choice_number": 1
    },
    {
      "round": 2,
      "quadrant": 0,
      "cue_name": "A",
      "color": "RED",
      "timestamp": "2025-02-10T17:45:45.838Z",
      "choice_number": 1
    },
    {
      "round": 3,
      "quadrant": 3,
      "cue_name": "D",
      "color": "GREEN",
      "timestamp": "2025-02-10T17:45:47.291Z",
      "choice_number": 1
    },
    {
      "round": 4,
      "quadrant": 1,
      "cue_name": "B",
      "color": "RED",
      "timestamp": "2025-02-10T17:45:48.757Z",
      "choice_number": 1
    },
    {
      "round": 5,
      "quadrant": 1,
      "cue_name": "B",
      "color": "RED",
      "timestamp": "2025-02-10T17:45:50.042Z",
      "choice_number": 1
    },
    {
      "round": 6,
      "quadrant": 2,
      "cue_name": "C",
      "color": "RED",
      "timestamp": "2025-02-10T17:45:51.376Z",
      "choice_number": 1
    },
    {
      "round": 7,
      "quadrant": 3,
      "cue_name": "D",
      "color": "RED",
      "timestamp": "2025-02-10T17:45:52.924Z",
      "choice_number": 1
    },
    {
      "round": 8,
      "quadrant": 0,
      "cue_name": "A",
      "color": "RED",
      "timestamp": "2025-02-10T17:45:54.207Z",
      "choice_number": 1
    },
    {
      "round": 9,
      "quadrant": 0,
      "cue_name": "A",
      "color": "RED",
      "timestamp": "2025-02-10T17:45:55.443Z",
      "choice_number": 1
    },
    {
      "round": 10,
      "quadrant": 1,
      "cue_name": "B",
      "color": "GREEN",
      "timestamp": "2025-02-10T17:45:56.745Z",
      "choice_number": 1
    },
    {
      "round": 11,
      "quadrant": 2,
      "cue_name": "C",
      "color": "RED",
      "timestamp": "2025-02-10T17:45:58.261Z",
      "choice_number": 1
    },
    {
      "round": 12,
      "quadrant": 0,
      "cue_name": "A",
      "color": "GREEN",
      "timestamp": "2025-02-10T17:45:59.442Z",
      "choice_number": 1
    },
    {
      "round": 13,
      "quadrant": 1,
      "cue_name": "B",
      "color": "GREEN",
      "timestamp": "2025-02-10T17:46:00.594Z",
      "choice_number": 1
    },
    {
      "round": 14,
      "quadrant": 3,
      "cue_name": "D",
      "color": "GREEN",
      "timestamp": "2025-02-10T17:46:01.839Z",
      "choice_number": 1
    }
  ],
  "final_choice": {
    "chosen_quadrant": 3,
    "correct": false,
    "score": -100,
    "biased_quadrant": 0
  },
  "completion_time": "2025-02-10T17:46:03.574328+00:00",
  "total_duration": 21.876078,
  "success": false
}