{
  "game_id": "682bc296-bd08-46f4-9149-f07a161ed696",
  "start_time": "2025-02-13T13:33:50.675807+00:00",
  "choices": [
    {
      "round": 0,
      "quadrant": 0,
      "cue_name": "A",
      "color": "GREEN",
      "timestamp": "2025-02-13T13:33:52.160Z",
      "choice_number": 1
    },
    {
      "round": 1,
      "quadrant": 0,
      "cue_name": "A",
      "color": "RED",
      "timestamp": "2025-02-13T13:33:53.739Z",
      "choice_number": 1
    },
    {
      "round": 2,
      "quadrant": 1,
      "cue_name": "B",
      "color": "RED",
      "timestamp": "2025-02-13T13:33:55.405Z",
      "choice_number": 1
    },
    {
      "round": 3,
      "quadrant": 1,
      "cue_name": "B",
      "color": "GREEN",
      "timestamp": "2025-02-13T13:33:56.906Z",
      "choice_number": 1
    }
  ],
  "final_choice": {
    "chosen_quadrant": 3,
    "correct": false,
    "score": -100,
    "biased_quadrant": 2
  },
  "completion_time": "2025-02-13T13:34:00.509162+00:00",
  "total_duration": 9.833355,
  "success": false
}