{
  "game_id": "9896a898-ac4d-46b7-94db-7192058c50ff",
  "start_time": "2025-02-10T17:24:38.261393+00:00",
  "choices": [
    {
      "round": 0,
      "quadrant": 0,
      "cue_name": "A",
      "color": "RED",
      "timestamp": "2025-02-10T17:24:38.964Z",
      "choice_number": 1
    },
    {
      "round": 1,
      "quadrant": 1,
      "cue_name": "B",
      "color": "GREEN",
      "timestamp": "2025-02-10T17:24:39.803Z",
      "choice_number": 1
    },
    {
      "round": 2,
      "quadrant": 3,
      "cue_name": "D",
      "color": "RED",
      "timestamp": "2025-02-10T17:24:40.595Z",
      "choice_number": 1
    },
    {
      "round": 3,
      "quadrant": 2,
      "cue_name": "C",
      "color": "RED",
      "timestamp": "2025-02-10T17:24:41.462Z",
      "choice_number": 1
    },
    {
      "round": 4,
      "quadrant": 0,
      "cue_name": "A",
      "color": "RED",
      "timestamp": "2025-02-10T17:24:42.247Z",
      "choice_number": 1
    }
  ],
  "final_choice": {
    "chosen_quadrant": 1,
    "correct": false,
    "score": -100,
    "biased_quadrant": 0
  },
  "completion_time": "2025-02-10T17:24:44.254338+00:00",
  "total_duration": 5.992945,
  "success": false
}