{
  "game_id": "58020e00-d68d-45ff-b891-f54c2c2644d8",
  "start_time": "2025-02-13T13:32:09.251045+00:00",
  "choices": [
    {
      "round": 0,
      "quadrant": 0,
      "cue_name": "A",
      "color": "RED",
      "timestamp": "2025-02-13T13:32:10.806Z",
      "choice_number": 1
    },
    {
      "round": 1,
      "quadrant": 2,
      "cue_name": "C",
      "color": "RED",
      "timestamp": "2025-02-13T13:32:12.998Z",
      "choice_number": 1
    },
    {
      "round": 2,
      "quadrant": 0,
      "cue_name": "A",
      "color": "RED",
      "timestamp": "2025-02-13T13:32:14.517Z",
      "choice_number": 1
    },
    {
      "round": 3,
      "quadrant": 2,
      "cue_name": "C",
      "color": "RED",
      "timestamp": "2025-02-13T13:32:17.794Z",
      "choice_number": 1
    },
    {
      "round": 4,
      "quadrant": 0,
      "cue_name": "A",
      "color": "GREEN",
      "timestamp": "2025-02-13T13:32:19.153Z",
      "choice_number": 1
    },
    {
      "round": 5,
      "quadrant": 1,
      "cue_name": "B",
      "color": "GREEN",
      "timestamp": "2025-02-13T13:32:21.923Z",
      "choice_number": 1
    }
  ],
  "final_choice": {
    "chosen_quadrant": 2,
    "correct": false,
    "score": -100,
    "biased_quadrant": 3
  },
  "completion_time": "2025-02-13T13:32:23.442839+00:00",
  "total_duration": 14.191794,
  "success": false
}