{
  "game_id": "be25d31a-7be8-43cb-84b1-ef5b94d1e83f",
  "start_time": "2025-02-13T13:26:52.368252+00:00",
  "choices": [
    {
      "round": 0,
      "quadrant": 1,
      "cue_name": "B",
      "color": "RED",
      "timestamp": "2025-02-13T13:26:54.629Z",
      "choice_number": 1
    },
    {
      "round": 1,
      "quadrant": 0,
      "cue_name": "A",
      "color": "RED",
      "timestamp": "2025-02-13T13:26:56.317Z",
      "choice_number": 1
    },
    {
      "round": 2,
      "quadrant": 2,
      "cue_name": "C",
      "color": "GREEN",
      "timestamp": "2025-02-13T13:26:59.301Z",
      "choice_number": 1
    },
    {
      "round": 3,
      "quadrant": 3,
      "cue_name": "D",
      "color": "RED",
      "timestamp": "2025-02-13T13:27:00.769Z",
      "choice_number": 1
    },
    {
      "round": 4,
      "quadrant": 0,
      "cue_name": "A",
      "color": "RED",
      "timestamp": "2025-02-13T13:27:02.755Z",
      "choice_number": 1
    },
    {
      "round": 5,
      "quadrant": 1,
      "cue_name": "B",
      "color": "RED",
      "timestamp": "2025-02-13T13:27:05.290Z",
      "choice_number": 1
    },
    {
      "round": 6,
      "quadrant": 3,
      "cue_name": "D",
      "color": "GREEN",
      "timestamp": "2025-02-13T13:27:06.850Z",
      "choice_number": 1
    }
  ],
  "final_choice": {
    "chosen_quadrant": 0,
    "correct": false,
    "score": -100,
    "biased_quadrant": 1
  },
  "completion_time": "2025-02-13T13:27:08.557465+00:00",
  "total_duration": 16.189213,
  "success": false
}