{
  "game_id": "09e1a2ec-5057-4c29-8e60-63e04a9e21b5",
  "start_time": "2025-02-13T17:33:21.674524+00:00",
  "choices": [
    {
      "round": 0,
      "quadrant": 0,
      "cue_name": "A",
      "color": "RED",
      "timestamp": "2025-02-13T17:33:26.372Z",
      "choice_number": 1
    },
    {
      "round": 1,
      "quadrant": 1,
      "cue_name": "B",
      "color": "RED",
      "timestamp": "2025-02-13T17:33:29.568Z",
      "choice_number": 1
    },
    {
      "round": 2,
      "quadrant": 2,
      "cue_name": "C",
      "color": "GREEN",
      "timestamp": "2025-02-13T17:33:31.612Z",
      "choice_number": 1
    },
    {
      "round": 3,
      "quadrant": 1,
      "cue_name": "B",
      "color": "RED",
      "timestamp": "2025-02-13T17:33:33.471Z",
      "choice_number": 1
    },
    {
      "round": 4,
      "quadrant": 1,
      "cue_name": "B",
      "color": "RED",
      "timestamp": "2025-02-13T17:33:35.242Z",
      "choice_number": 1
    },
    {
      "round": 5,
      "quadrant": 1,
      "cue_name": "B",
      "color": "RED",
      "timestamp": "2025-02-13T17:33:37.274Z",
      "choice_number": 1
    },
    {
      "round": 6,
      "quadrant": 3,
      "cue_name": "D",
      "color": "RED",
      "timestamp": "2025-02-13T17:33:39.509Z",
      "choice_number": 1
    }
  ],
  "final_choice": {
    "chosen_quadrant": 1,
    "correct": true,
    "score": 100,
    "biased_quadrant": 1
  },
  "completion_time": "2025-02-13T17:33:41.685920+00:00",
  "total_duration": 20.011396,
  "success": true
}