{
  "game_id": "2ac92965-6db8-464f-b918-f00302de6457",
  "start_time": "2025-02-13T13:47:45.881537+00:00",
  "choices": [
    {
      "round": 0,
      "quadrant": 0,
      "cue_name": "A",
      "color": "GREEN",
      "timestamp": "2025-02-13T13:47:48.817Z",
      "choice_number": 1
    },
    {
      "round": 1,
      "quadrant": 0,
      "cue_name": "A",
      "color": "RED",
      "timestamp": "2025-02-13T13:47:51.245Z",
      "choice_number": 1
    },
    {
      "round": 2,
      "quadrant": 3,
      "cue_name": "D",
      "color": "RED",
      "timestamp": "2025-02-13T13:47:53.222Z",
      "choice_number": 1
    },
    {
      "round": 3,
      "quadrant": 3,
      "cue_name": "D",
      "color": "GREEN",
      "timestamp": "2025-02-13T13:47:54.978Z",
      "choice_number": 1
    }
  ],
  "final_choice": null,
  "completion_time": null,
  "total_duration": null,
  "success": null
}