{
  "game_id": "95574b20-8cbd-4865-9b0b-4e93b12b7122",
  "start_time": "2025-02-14T14:50:14.385977+00:00",
  "choices": [
    {
      "round": 0,
      "quadrant": 0,
      "cue_name": "A",
      "color": "GREEN",
      "timestamp": "2025-02-14T14:50:15.939Z",
      "choice_number": 1
    },
    {
      "round": 1,
      "quadrant": 2,
      "cue_name": "C",
      "color": "RED",
      "timestamp": "2025-02-14T14:50:17.581Z",
      "choice_number": 1
    },
    {
      "round": 2,
      "quadrant": 2,
      "cue_name": "C",
      "color": "RED",
      "timestamp": "2025-02-14T14:50:20.076Z",
      "choice_number": 1
    },
    {
      "round": 3,
      "quadrant": 1,
      "cue_name": "B",
      "color": "RED",
      "timestamp": "2025-02-14T14:50:21.822Z",
      "choice_number": 1
    },
    {
      "round": 4,
      "quadrant": 0,
      "cue_name": "A",
      "color": "GREEN",
      "timestamp": "2025-02-14T14:50:26.206Z",
      "choice_number": 1
    },
    {
      "round": 5,
      "quadrant": 0,
      "cue_name": "A",
      "color": "GREEN",
      "timestamp": "2025-02-14T14:50:29.727Z",
      "choice_number": 1
    },
    {
      "round": 6,
      "quadrant": 0,
      "cue_name": "A",
      "color": "RED",
      "timestamp": "2025-02-14T14:50:30.889Z",
      "choice_number": 1
    },
    {
      "round": 7,
      "quadrant": 2,
      "cue_name": "C",
      "color": "RED",
      "timestamp": "2025-02-14T14:50:32.661Z",
      "choice_number": 1
    },
    {
      "round": 8,
      "quadrant": 2,
      "cue_name": "C",
      "color": "GREEN",
      "timestamp": "2025-02-14T14:50:33.872Z",
      "choice_number": 1
    },
    {
      "round": 9,
      "quadrant": 2,
      "cue_name": "C",
      "color": "RED",
      "timestamp": "2025-02-14T14:50:35.116Z",
      "choice_number": 1
    }
  ],
  "final_choice": null,
  "completion_time": null,
  "total_duration": null,
  "success": null
}