{
  "game_id": "9d8faf55-3f6f-4b79-8fb4-fe7f99d9d00e",
  "start_time": "2025-02-04T12:44:07.198378",
  "choices": [
    {
      "round": 0,
      "quadrant": 1,
      "choice": "B",
      "color": "RED",
      "client_timestamp": "2025-02-04T12:44:10.970Z",
      "game_id": "9d8faf55-3f6f-4b79-8fb4-fe7f99d9d00e",
      "timestamp": "2025-02-04T12:44:10.975812"
    },
    {
      "round": 1,
      "quadrant": 2,
      "choice": "C",
      "color": "RED",
      "client_timestamp": "2025-02-04T12:44:11.772Z",
      "game_id": "9d8faf55-3f6f-4b79-8fb4-fe7f99d9d00e",
      "timestamp": "2025-02-04T12:44:11.777654"
    },
    {
      "round": 2,
      "quadrant": 0,
      "choice": "A",
      "color": "RED",
      "client_timestamp": "2025-02-04T12:44:12.470Z",
      "game_id": "9d8faf55-3f6f-4b79-8fb4-fe7f99d9d00e",
      "timestamp": "2025-02-04T12:44:12.476130"
    },
    {
      "round": 3,
      "quadrant": 1,
      "choice": "B",
      "color": "RED",
      "client_timestamp": "2025-02-04T12:44:13.286Z",
      "game_id": "9d8faf55-3f6f-4b79-8fb4-fe7f99d9d00e",
      "timestamp": "2025-02-04T12:44:13.291634"
    },
    {
      "round": 4,
      "quadrant": 0,
      "choice": "A",
      "color": "GREEN",
      "client_timestamp": "2025-02-04T12:44:14.087Z",
      "game_id": "9d8faf55-3f6f-4b79-8fb4-fe7f99d9d00e",
      "timestamp": "2025-02-04T12:44:14.094188"
    },
    {
      "type": "final_choice",
      "chosen_quadrant": 2,
      "correct": false,
      "score": -100,
      "biased_quadrant": 3,
      "timestamp": "2025-02-04T12:44:14.998920"
    }
  ]
}