{
  "game_id": "ea34f53c-e8f2-480b-ba80-aa61b7d224be",
  "start_time": "2025-02-11T07:28:46.209119+00:00",
  "choices": [
    {
      "round": 0,
      "quadrant": 0,
      "cue_name": "A",
      "color": "GREEN",
      "timestamp": "2025-02-11T07:28:50.579Z",
      "choice_number": 1
    },
    {
      "round": 1,
      "quadrant": 2,
      "cue_name": "C",
      "color": "RED",
      "timestamp": "2025-02-11T07:28:52.098Z",
      "choice_number": 1
    },
    {
      "round": 2,
      "quadrant": 1,
      "cue_name": "B",
      "color": "GREEN",
      "timestamp": "2025-02-11T07:28:53.714Z",
      "choice_number": 1
    },
    {
      "round": 3,
      "quadrant": 2,
      "cue_name": "C",
      "color": "GREEN",
      "timestamp": "2025-02-11T07:28:56.334Z",
      "choice_number": 1
    },
    {
      "round": 4,
      "quadrant": 0,
      "cue_name": "A",
      "color": "RED",
      "timestamp": "2025-02-11T07:28:57.748Z",
      "choice_number": 1
    },
    {
      "round": 5,
      "quadrant": 2,
      "cue_name": "C",
      "color": "GREEN",
      "timestamp": "2025-02-11T07:28:59.569Z",
      "choice_number": 1
    },
    {
      "round": 6,
      "quadrant": 2,
      "cue_name": "C",
      "color": "GREEN",
      "timestamp": "2025-02-11T07:29:01.440Z",
      "choice_number": 1
    }
  ],
  "final_choice": {
    "chosen_quadrant": 0,
    "correct": false,
    "score": -100,
    "biased_quadrant": 3
  },
  "completion_time": "2025-02-11T07:29:03.605360+00:00",
  "total_duration": 17.396241,
  "success": false
}