{
  "game_id": "c8476bf8-5c69-4350-a66f-0d15b8ddce2d",
  "start_time": "2025-02-13T13:48:44.273512+00:00",
  "choices": [
    {
      "round": 0,
      "quadrant": 0,
      "cue_name": "A",
      "color": "RED",
      "timestamp": "2025-02-13T13:48:47.904Z",
      "choice_number": 1
    },
    {
      "round": 1,
      "quadrant": 1,
      "cue_name": "B",
      "color": "GREEN",
      "timestamp": "2025-02-13T13:48:50.157Z",
      "choice_number": 1
    },
    {
      "round": 2,
      "quadrant": 0,
      "cue_name": "A",
      "color": "RED",
      "timestamp": "2025-02-13T13:48:53.099Z",
      "choice_number": 1
    },
    {
      "round": 3,
      "quadrant": 1,
      "cue_name": "B",
      "color": "GREEN",
      "timestamp": "2025-02-13T13:48:55.026Z",
      "choice_number": 1
    },
    {
      "round": 4,
      "quadrant": 2,
      "cue_name": "C",
      "color": "RED",
      "timestamp": "2025-02-13T13:48:57.756Z",
      "choice_number": 1
    },
    {
      "round": 5,
      "quadrant": 3,
      "cue_name": "D",
      "color": "GREEN",
      "timestamp": "2025-02-13T13:48:59.659Z",
      "choice_number": 1
    },
    {
      "round": 6,
      "quadrant": 2,
      "cue_name": "C",
      "color": "RED",
      "timestamp": "2025-02-13T13:49:01.264Z",
      "choice_number": 1
    },
    {
      "round": 7,
      "quadrant": 0,
      "cue_name": "A",
      "color": "GREEN",
      "timestamp": "2025-02-13T13:49:05.089Z",
      "choice_number": 1
    }
  ],
  "final_choice": {
    "chosen_quadrant": 0,
    "correct": false,
    "score": -100,
    "biased_quadrant": 2
  },
  "completion_time": "2025-02-13T13:50:36.811660+00:00",
  "total_duration": 112.538148,
  "success": false
}