{
  "game_id": "0f4dce6c-914b-4575-927d-40248f9046d1",
  "start_time": "2025-02-13T14:01:08.638288+00:00",
  "choices": [
    {
      "round": 0,
      "quadrant": 2,
      "cue_name": "C",
      "color": "GREEN",
      "timestamp": "2025-02-13T14:01:56.080Z",
      "choice_number": 1
    },
    {
      "round": 1,
      "quadrant": 1,
      "cue_name": "B",
      "color": "RED",
      "timestamp": "2025-02-13T14:01:58.276Z",
      "choice_number": 1
    },
    {
      "round": 2,
      "quadrant": 3,
      "cue_name": "D",
      "color": "GREEN",
      "timestamp": "2025-02-13T14:02:01.000Z",
      "choice_number": 1
    },
    {
      "round": 3,
      "quadrant": 0,
      "cue_name": "A",
      "color": "RED",
      "timestamp": "2025-02-13T14:02:03.569Z",
      "choice_number": 1
    },
    {
      "round": 4,
      "quadrant": 0,
      "cue_name": "A",
      "color": "RED",
      "timestamp": "2025-02-13T14:02:09.978Z",
      "choice_number": 1
    },
    {
      "round": 5,
      "quadrant": 2,
      "cue_name": "C",
      "color": "GREEN",
      "timestamp": "2025-02-13T14:02:13.021Z",
      "choice_number": 1
    },
    {
      "round": 6,
      "quadrant": 1,
      "cue_name": "B",
      "color": "RED",
      "timestamp": "2025-02-13T14:02:17.199Z",
      "choice_number": 1
    }
  ],
  "final_choice": {
    "chosen_quadrant": 2,
    "correct": false,
    "score": -100,
    "biased_quadrant": 1
  },
  "completion_time": "2025-02-13T14:02:19.596592+00:00",
  "total_duration": 70.958304,
  "success": false
}