{
  "game_id": "b2854167-b975-4e70-856e-1e2fae674738",
  "start_time": "2025-02-13T13:26:47.774337+00:00",
  "choices": [
    {
      "round": 0,
      "quadrant": 0,
      "cue_name": "A",
      "color": "GREEN",
      "timestamp": "2025-02-13T13:26:49.441Z",
      "choice_number": 1
    },
    {
      "round": 1,
      "quadrant": 2,
      "cue_name": "C",
      "color": "RED",
      "timestamp": "2025-02-13T13:26:51.298Z",
      "choice_number": 1
    },
    {
      "round": 2,
      "quadrant": 1,
      "cue_name": "B",
      "color": "RED",
      "timestamp": "2025-02-13T13:26:53.336Z",
      "choice_number": 1
    },
    {
      "round": 3,
      "quadrant": 3,
      "cue_name": "D",
      "color": "GREEN",
      "timestamp": "2025-02-13T13:26:54.886Z",
      "choice_number": 1
    },
    {
      "round": 4,
      "quadrant": 0,
      "cue_name": "A",
      "color": "RED",
      "timestamp": "2025-02-13T13:26:56.531Z",
      "choice_number": 1
    }
  ],
  "final_choice": {
    "chosen_quadrant": 3,
    "correct": false,
    "score": -100,
    "biased_quadrant": 2
  },
  "completion_time": "2025-02-13T13:26:59.191727+00:00",
  "total_duration": 11.41739,
  "success": false
}