{
  "game_id": "1432819b-3027-4a25-ba65-5f637033d189",
  "start_time": "2025-02-14T20:39:23.527112+00:00",
  "choices": [
    {
      "round": 0,
      "quadrant": 0,
      "cue_name": "A",
      "color": "GREEN",
      "timestamp": "2025-02-14T20:39:26.448Z",
      "choice_number": 1
    },
    {
      "round": 1,
      "quadrant": 2,
      "cue_name": "C",
      "color": "RED",
      "timestamp": "2025-02-14T20:39:28.814Z",
      "choice_number": 1
    },
    {
      "round": 2,
      "quadrant": 3,
      "cue_name": "D",
      "color": "RED",
      "timestamp": "2025-02-14T20:39:31.315Z",
      "choice_number": 1
    },
    {
      "round": 3,
      "quadrant": 0,
      "cue_name": "A",
      "color": "RED",
      "timestamp": "2025-02-14T20:39:33.347Z",
      "choice_number": 1
    },
    {
      "round": 4,
      "quadrant": 2,
      "cue_name": "C",
      "color": "RED",
      "timestamp": "2025-02-14T20:39:34.648Z",
      "choice_number": 1
    },
    {
      "round": 5,
      "quadrant": 3,
      "cue_name": "D",
      "color": "RED",
      "timestamp": "2025-02-14T20:39:36.081Z",
      "choice_number": 1
    },
    {
      "round": 6,
      "quadrant": 1,
      "cue_name": "B",
      "color": "GREEN",
      "timestamp": "2025-02-14T20:39:37.946Z",
      "choice_number": 1
    },
    {
      "round": 7,
      "quadrant": 0,
      "cue_name": "A",
      "color": "GREEN",
      "timestamp": "2025-02-14T20:39:39.228Z",
      "choice_number": 1
    }
  ],
  "final_choice": {
    "chosen_quadrant": 2,
    "correct": true,
    "score": 100,
    "biased_quadrant": 2
  },
  "completion_time": "2025-02-14T20:39:43.388715+00:00",
  "total_duration": 19.861603,
  "success": true
}