{
  "game_id": "c2674ec4-f5b7-4d85-8831-111a53120140",
  "start_time": "2025-02-13T13:31:42.258971+00:00",
  "choices": [
    {
      "round": 0,
      "quadrant": 0,
      "cue_name": "A",
      "color": "GREEN",
      "timestamp": "2025-02-13T13:31:48.113Z",
      "choice_number": 1
    },
    {
      "round": 1,
      "quadrant": 2,
      "cue_name": "C",
      "color": "RED",
      "timestamp": "2025-02-13T13:31:50.663Z",
      "choice_number": 1
    }
  ],
  "final_choice": {
    "chosen_quadrant": 2,
    "correct": false,
    "score": -100,
    "biased_quadrant": 3
  },
  "completion_time": "2025-02-13T13:31:53.880965+00:00",
  "total_duration": 11.621994,
  "success": false
}