{
  "game_id": "181d6bd7-9876-498f-ac19-2b50af489956",
  "start_time": "2025-02-13T13:31:41.020836+00:00",
  "choices": [
    {
      "round": 0,
      "quadrant": 0,
      "cue_name": "A",
      "color": "RED",
      "timestamp": "2025-02-13T13:32:41.737Z",
      "choice_number": 1
    },
    {
      "round": 1,
      "quadrant": 1,
      "cue_name": "B",
      "color": "GREEN",
      "timestamp": "2025-02-13T13:32:42.838Z",
      "choice_number": 1
    }
  ],
  "final_choice": null,
  "completion_time": null,
  "total_duration": null,
  "success": null
}