{
  "game_id": "ae0fc6de-ef1c-4b37-adbb-2c13b9527d5e",
  "start_time": "2025-02-13T13:26:10.693646+00:00",
  "choices": [
    {
      "round": 0,
      "quadrant": 0,
      "cue_name": "A",
      "color": "RED",
      "timestamp": "2025-02-13T13:26:12.451Z",
      "choice_number": 1
    },
    {
      "round": 1,
      "quadrant": 3,
      "cue_name": "D",
      "color": "GREEN",
      "timestamp": "2025-02-13T13:26:14.137Z",
      "choice_number": 1
    },
    {
      "round": 2,
      "quadrant": 2,
      "cue_name": "C",
      "color": "GREEN",
      "timestamp": "2025-02-13T13:26:15.775Z",
      "choice_number": 1
    },
    {
      "round": 3,
      "quadrant": 3,
      "cue_name": "D",
      "color": "RED",
      "timestamp": "2025-02-13T13:26:17.568Z",
      "choice_number": 1
    },
    {
      "round": 4,
      "quadrant": 1,
      "cue_name": "B",
      "color": "RED",
      "timestamp": "2025-02-13T13:26:19.295Z",
      "choice_number": 1
    },
    {
      "round": 5,
      "quadrant": 3,
      "cue_name": "D",
      "color": "RED",
      "timestamp": "2025-02-13T13:26:21.087Z",
      "choice_number": 1
    },
    {
      "round": 6,
      "quadrant": 1,
      "cue_name": "B",
      "color": "RED",
      "timestamp": "2025-02-13T13:26:22.954Z",
      "choice_number": 1
    },
    {
      "round": 7,
      "quadrant": 3,
      "cue_name": "D",
      "color": "RED",
      "timestamp": "2025-02-13T13:26:24.578Z",
      "choice_number": 1
    },
    {
      "round": 8,
      "quadrant": 0,
      "cue_name": "A",
      "color": "GREEN",
      "timestamp": "2025-02-13T13:26:26.046Z",
      "choice_number": 1
    },
    {
      "round": 9,
      "quadrant": 3,
      "cue_name": "D",
      "color": "GREEN",
      "timestamp": "2025-02-13T13:26:27.842Z",
      "choice_number": 1
    }
  ],
  "final_choice": {
    "chosen_quadrant": 3,
    "correct": false,
    "score": -100,
    "biased_quadrant": 1
  },
  "completion_time": "2025-02-13T13:26:29.815133+00:00",
  "total_duration": 19.121487,
  "success": false
}