{
  "game_id": "a6a3a657-6c81-4ad0-af78-bf8c1b8a98c5",
  "start_time": "2025-02-13T13:27:05.184787+00:00",
  "choices": [
    {
      "round": 0,
      "quadrant": 2,
      "cue_name": "C",
      "color": "RED",
      "timestamp": "2025-02-13T13:27:06.895Z",
      "choice_number": 1
    },
    {
      "round": 1,
      "quadrant": 3,
      "cue_name": "D",
      "color": "RED",
      "timestamp": "2025-02-13T13:27:08.521Z",
      "choice_number": 1
    },
    {
      "round": 2,
      "quadrant": 3,
      "cue_name": "D",
      "color": "RED",
      "timestamp": "2025-02-13T13:27:10.282Z",
      "choice_number": 1
    },
    {
      "round": 3,
      "quadrant": 0,
      "cue_name": "A",
      "color": "RED",
      "timestamp": "2025-02-13T13:27:11.810Z",
      "choice_number": 1
    },
    {
      "round": 4,
      "quadrant": 1,
      "cue_name": "B",
      "color": "RED",
      "timestamp": "2025-02-13T13:27:13.372Z",
      "choice_number": 1
    },
    {
      "round": 5,
      "quadrant": 3,
      "cue_name": "D",
      "color": "RED",
      "timestamp": "2025-02-13T13:27:15.345Z",
      "choice_number": 1
    },
    {
      "round": 6,
      "quadrant": 0,
      "cue_name": "A",
      "color": "GREEN",
      "timestamp": "2025-02-13T13:27:16.944Z",
      "choice_number": 1
    }
  ],
  "final_choice": {
    "chosen_quadrant": 0,
    "correct": false,
    "score": -100,
    "biased_quadrant": 3
  },
  "completion_time": "2025-02-13T13:27:19.005044+00:00",
  "total_duration": 13.820257,
  "success": false
}