{
  "game_id": "1e539d1f-eaca-472a-8891-9612da69a957",
  "start_time": "2025-02-14T20:37:12.508670+00:00",
  "choices": [
    {
      "round": 0,
      "quadrant": 0,
      "cue_name": "A",
      "color": "GREEN",
      "timestamp": "2025-02-14T20:37:15.165Z",
      "choice_number": 1
    },
    {
      "round": 1,
      "quadrant": 0,
      "cue_name": "A",
      "color": "RED",
      "timestamp": "2025-02-14T20:37:17.930Z",
      "choice_number": 1
    },
    {
      "round": 2,
      "quadrant": 1,
      "cue_name": "B",
      "color": "GREEN",
      "timestamp": "2025-02-14T20:37:19.148Z",
      "choice_number": 1
    },
    {
      "round": 3,
      "quadrant": 3,
      "cue_name": "D",
      "color": "GREEN",
      "timestamp": "2025-02-14T20:37:24.282Z",
      "choice_number": 1
    }
  ],
  "final_choice": {
    "chosen_quadrant": 2,
    "correct": true,
    "score": 100,
    "biased_quadrant": 2
  },
  "completion_time": "2025-02-14T20:37:31.989600+00:00",
  "total_duration": 19.48093,
  "success": true
}