{
  "game_id": "181ed3f8-1b8a-4b88-a61f-28b37e8b284f",
  "start_time": "2025-02-13T13:25:24.875536+00:00",
  "choices": [
    {
      "round": 0,
      "quadrant": 0,
      "cue_name": "A",
      "color": "RED",
      "timestamp": "2025-02-13T13:25:27.419Z",
      "choice_number": 1
    },
    {
      "round": 1,
      "quadrant": 0,
      "cue_name": "A",
      "color": "GREEN",
      "timestamp": "2025-02-13T13:25:28.390Z",
      "choice_number": 1
    },
    {
      "round": 2,
      "quadrant": 0,
      "cue_name": "A",
      "color": "GREEN",
      "timestamp": "2025-02-13T13:25:30.863Z",
      "choice_number": 1
    },
    {
      "round": 3,
      "quadrant": 1,
      "cue_name": "B",
      "color": "RED",
      "timestamp": "2025-02-13T13:25:33.642Z",
      "choice_number": 1
    },
    {
      "round": 4,
      "quadrant": 3,
      "cue_name": "D",
      "color": "RED",
      "timestamp": "2025-02-13T13:25:36.355Z",
      "choice_number": 1
    },
    {
      "round": 5,
      "quadrant": 3,
      "cue_name": "D",
      "color": "GREEN",
      "timestamp": "2025-02-13T13:25:37.896Z",
      "choice_number": 1
    },
    {
      "round": 6,
      "quadrant": 3,
      "cue_name": "D",
      "color": "GREEN",
      "timestamp": "2025-02-13T13:25:39.423Z",
      "choice_number": 1
    },
    {
      "round": 7,
      "quadrant": 0,
      "cue_name": "A",
      "color": "RED",
      "timestamp": "2025-02-13T13:25:41.862Z",
      "choice_number": 1
    },
    {
      "round": 8,
      "quadrant": 2,
      "cue_name": "C",
      "color": "GREEN",
      "timestamp": "2025-02-13T13:25:43.748Z",
      "choice_number": 1
    },
    {
      "round": 9,
      "quadrant": 2,
      "cue_name": "C",
      "color": "GREEN",
      "timestamp": "2025-02-13T13:25:45.599Z",
      "choice_number": 1
    }
  ],
  "final_choice": null,
  "completion_time": null,
  "total_duration": null,
  "success": null
}