{
  "game_id": "74aea25c-4fab-448e-8c10-45269079bcc3",
  "start_time": "2025-02-14T14:51:44.765041+00:00",
  "choices": [
    {
      "round": 0,
      "quadrant": 2,
      "cue_name": "C",
      "color": "RED",
      "timestamp": "2025-02-14T14:51:46.233Z",
      "choice_number": 1
    },
    {
      "round": 1,
      "quadrant": 2,
      "cue_name": "C",
      "color": "RED",
      "timestamp": "2025-02-14T14:51:47.556Z",
      "choice_number": 1
    },
    {
      "round": 2,
      "quadrant": 2,
      "cue_name": "C",
      "color": "RED",
      "timestamp": "2025-02-14T14:51:48.682Z",
      "choice_number": 1
    },
    {
      "round": 3,
      "quadrant": 2,
      "cue_name": "C",
      "color": "RED",
      "timestamp": "2025-02-14T14:51:49.841Z",
      "choice_number": 1
    },
    {
      "round": 4,
      "quadrant": 3,
      "cue_name": "D",
      "color": "GREEN",
      "timestamp": "2025-02-14T14:51:51.288Z",
      "choice_number": 1
    },
    {
      "round": 5,
      "quadrant": 3,
      "cue_name": "D",
      "color": "RED",
      "timestamp": "2025-02-14T14:51:52.480Z",
      "choice_number": 1
    },
    {
      "round": 6,
      "quadrant": 3,
      "cue_name": "D",
      "color": "GREEN",
      "timestamp": "2025-02-14T14:51:54.068Z",
      "choice_number": 1
    },
    {
      "round": 7,
      "quadrant": 1,
      "cue_name": "B",
      "color": "RED",
      "timestamp": "2025-02-14T14:51:55.417Z",
      "choice_number": 1
    },
    {
      "round": 8,
      "quadrant": 1,
      "cue_name": "B",
      "color": "RED",
      "timestamp": "2025-02-14T14:51:56.614Z",
      "choice_number": 1
    },
    {
      "round": 9,
      "quadrant": 3,
      "cue_name": "D",
      "color": "GREEN",
      "timestamp": "2025-02-14T14:51:58.850Z",
      "choice_number": 1
    }
  ],
  "final_choice": {
    "chosen_quadrant": 2,
    "correct": true,
    "score": 100,
    "biased_quadrant": 2
  },
  "completion_time": "2025-02-14T14:52:00.640039+00:00",
  "total_duration": 15.874998,
  "success": true
}