{
  "game_id": "cf31e127-72db-44c8-ad47-a16de41524b1",
  "start_time": "2025-02-13T13:24:44.582621+00:00",
  "choices": [
    {
      "round": 0,
      "quadrant": 1,
      "cue_name": "B",
      "color": "RED",
      "timestamp": "2025-02-13T13:24:47.668Z",
      "choice_number": 1
    },
    {
      "round": 1,
      "quadrant": 3,
      "cue_name": "D",
      "color": "GREEN",
      "timestamp": "2025-02-13T13:24:50.331Z",
      "choice_number": 1
    },
    {
      "round": 2,
      "quadrant": 2,
      "cue_name": "C",
      "color": "RED",
      "timestamp": "2025-02-13T13:24:54.490Z",
      "choice_number": 1
    },
    {
      "round": 3,
      "quadrant": 0,
      "cue_name": "A",
      "color": "RED",
      "timestamp": "2025-02-13T13:24:56.915Z",
      "choice_number": 1
    },
    {
      "round": 4,
      "quadrant": 2,
      "cue_name": "C",
      "color": "GREEN",
      "timestamp": "2025-02-13T13:24:59.614Z",
      "choice_number": 1
    }
  ],
  "final_choice": {
    "chosen_quadrant": 1,
    "correct": true,
    "score": 100,
    "biased_quadrant": 1
  },
  "completion_time": "2025-02-13T13:25:08.177442+00:00",
  "total_duration": 23.594821,
  "success": true
}