{
  "game_id": "f20014c2-36e0-43df-be1f-4da0888539ad",
  "start_time": "2025-02-10T20:11:44.107355+00:00",
  "choices": [
    {
      "round": 0,
      "quadrant": 0,
      "cue_name": "A",
      "color": "RED",
      "timestamp": "2025-02-10T20:11:45.059Z",
      "choice_number": 1
    },
    {
      "round": 1,
      "quadrant": 3,
      "cue_name": "D",
      "color": "GREEN",
      "timestamp": "2025-02-10T20:11:46.416Z",
      "choice_number": 1
    },
    {
      "round": 2,
      "quadrant": 2,
      "cue_name": "C",
      "color": "RED",
      "timestamp": "2025-02-10T20:11:47.697Z",
      "choice_number": 1
    },
    {
      "round": 3,
      "quadrant": 0,
      "cue_name": "A",
      "color": "RED",
      "timestamp": "2025-02-10T20:11:48.895Z",
      "choice_number": 1
    },
    {
      "round": 4,
      "quadrant": 0,
      "cue_name": "A",
      "color": "GREEN",
      "timestamp": "2025-02-10T20:11:50.484Z",
      "choice_number": 1
    },
    {
      "round": 5,
      "quadrant": 3,
      "cue_name": "D",
      "color": "RED",
      "timestamp": "2025-02-10T20:11:52.100Z",
      "choice_number": 1
    },
    {
      "round": 6,
      "quadrant": 2,
      "cue_name": "C",
      "color": "RED",
      "timestamp": "2025-02-10T20:11:53.528Z",
      "choice_number": 1
    },
    {
      "round": 7,
      "quadrant": 1,
      "cue_name": "B",
      "color": "GREEN",
      "timestamp": "2025-02-10T20:11:54.719Z",
      "choice_number": 1
    },
    {
      "round": 8,
      "quadrant": 1,
      "cue_name": "B",
      "color": "GREEN",
      "timestamp": "2025-02-10T20:11:56.004Z",
      "choice_number": 1
    },
    {
      "round": 9,
      "quadrant": 1,
      "cue_name": "B",
      "color": "RED",
      "timestamp": "2025-02-10T20:11:57.611Z",
      "choice_number": 1
    },
    {
      "round": 10,
      "quadrant": 3,
      "cue_name": "D",
      "color": "GREEN",
      "timestamp": "2025-02-10T20:11:59.257Z",
      "choice_number": 1
    },
    {
      "round": 11,
      "quadrant": 3,
      "cue_name": "D",
      "color": "RED",
      "timestamp": "2025-02-10T20:12:00.893Z",
      "choice_number": 1
    }
  ],
  "final_choice": {
    "chosen_quadrant": 1,
    "correct": false,
    "score": -100,
    "biased_quadrant": 2
  },
  "completion_time": "2025-02-10T20:12:02.752675+00:00",
  "total_duration": 18.64532,
  "success": false
}