{
  "game_id": "055af68d-b836-4dd0-8f5e-734fd2da7d1d",
  "start_time": "2025-02-11T17:30:57.370637+00:00",
  "choices": [
    {
      "round": 0,
      "quadrant": 2,
      "cue_name": "C",
      "color": "RED",
      "timestamp": "2025-02-11T17:30:58.807Z",
      "choice_number": 1
    },
    {
      "round": 1,
      "quadrant": 2,
      "cue_name": "C",
      "color": "GREEN",
      "timestamp": "2025-02-11T17:31:00.261Z",
      "choice_number": 1
    },
    {
      "round": 2,
      "quadrant": 1,
      "cue_name": "B",
      "color": "RED",
      "timestamp": "2025-02-11T17:31:02.079Z",
      "choice_number": 1
    },
    {
      "round": 3,
      "quadrant": 3,
      "cue_name": "D",
      "color": "RED",
      "timestamp": "2025-02-11T17:31:03.741Z",
      "choice_number": 1
    },
    {
      "round": 4,
      "quadrant": 2,
      "cue_name": "C",
      "color": "GREEN",
      "timestamp": "2025-02-11T17:31:05.362Z",
      "choice_number": 1
    },
    {
      "round": 5,
      "quadrant": 2,
      "cue_name": "C",
      "color": "RED",
      "timestamp": "2025-02-11T17:31:07.094Z",
      "choice_number": 1
    }
  ],
  "final_choice": {
    "chosen_quadrant": 3,
    "correct": false,
    "score": -100,
    "biased_quadrant": 0
  },
  "completion_time": "2025-02-11T17:31:07.778634+00:00",
  "total_duration": 10.407997,
  "success": false
}