{
  "game_id": "dc7af284-a056-4a87-bfe0-bd20f87fada9",
  "start_time": "2025-02-11T15:12:51.141469+00:00",
  "choices": [
    {
      "round": 0,
      "quadrant": 0,
      "cue_name": "A",
      "color": "GREEN",
      "timestamp": "2025-02-11T15:13:03.583Z",
      "choice_number": 1
    },
    {
      "round": 1,
      "quadrant": 1,
      "cue_name": "B",
      "color": "RED",
      "timestamp": "2025-02-11T15:13:10.369Z",
      "choice_number": 1
    },
    {
      "round": 2,
      "quadrant": 3,
      "cue_name": "D",
      "color": "GREEN",
      "timestamp": "2025-02-11T15:13:12.566Z",
      "choice_number": 1
    },
    {
      "round": 3,
      "quadrant": 2,
      "cue_name": "C",
      "color": "RED",
      "timestamp": "2025-02-11T15:13:14.893Z",
      "choice_number": 1
    },
    {
      "round": 4,
      "quadrant": 1,
      "cue_name": "B",
      "color": "RED",
      "timestamp": "2025-02-11T15:13:18.099Z",
      "choice_number": 1
    },
    {
      "round": 5,
      "quadrant": 2,
      "cue_name": "C",
      "color": "GREEN",
      "timestamp": "2025-02-11T15:13:21.980Z",
      "choice_number": 1
    },
    {
      "round": 6,
      "quadrant": 3,
      "cue_name": "D",
      "color": "RED",
      "timestamp": "2025-02-11T15:13:24.617Z",
      "choice_number": 1
    },
    {
      "round": 7,
      "quadrant": 1,
      "cue_name": "B",
      "color": "RED",
      "timestamp": "2025-02-11T15:13:27.091Z",
      "choice_number": 1
    },
    {
      "round": 8,
      "quadrant": 1,
      "cue_name": "B",
      "color": "RED",
      "timestamp": "2025-02-11T15:13:31.396Z",
      "choice_number": 1
    },
    {
      "round": 9,
      "quadrant": 1,
      "cue_name": "B",
      "color": "GREEN",
      "timestamp": "2025-02-11T15:13:33.416Z",
      "choice_number": 1
    },
    {
      "round": 10,
      "quadrant": 2,
      "cue_name": "C",
      "color": "GREEN",
      "timestamp": "2025-02-11T15:13:35.602Z",
      "choice_number": 1
    },
    {
      "round": 11,
      "quadrant": 0,
      "cue_name": "A",
      "color": "GREEN",
      "timestamp": "2025-02-11T15:13:37.179Z",
      "choice_number": 1
    }
  ],
  "final_choice": {
    "chosen_quadrant": 1,
    "correct": true,
    "score": 100,
    "biased_quadrant": 1
  },
  "completion_time": "2025-02-11T15:13:38.854983+00:00",
  "total_duration": 47.713514,
  "success": true
}