{
  "game_id": "8c6ecf41-c2a8-4dda-a723-9a741e4a2d37",
  "start_time": "2025-02-11T17:26:47.883835+00:00",
  "choices": [
    {
      "round": 0,
      "quadrant": 2,
      "cue_name": "C",
      "color": "GREEN",
      "timestamp": "2025-02-11T17:26:49.420Z",
      "choice_number": 1
    },
    {
      "round": 1,
      "quadrant": 2,
      "cue_name": "C",
      "color": "GREEN",
      "timestamp": "2025-02-11T17:26:50.954Z",
      "choice_number": 1
    },
    {
      "round": 2,
      "quadrant": 3,
      "cue_name": "D",
      "color": "RED",
      "timestamp": "2025-02-11T17:26:52.420Z",
      "choice_number": 1
    },
    {
      "round": 3,
      "quadrant": 0,
      "cue_name": "A",
      "color": "RED",
      "timestamp": "2025-02-11T17:26:54.371Z",
      "choice_number": 1
    },
    {
      "round": 4,
      "quadrant": 3,
      "cue_name": "D",
      "color": "GREEN",
      "timestamp": "2025-02-11T17:26:55.904Z",
      "choice_number": 1
    },
    {
      "round": 5,
      "quadrant": 0,
      "cue_name": "A",
      "color": "RED",
      "timestamp": "2025-02-11T17:26:57.654Z",
      "choice_number": 1
    }
  ],
  "final_choice": {
    "chosen_quadrant": 2,
    "correct": false,
    "score": -100,
    "biased_quadrant": 0
  },
  "completion_time": "2025-02-11T17:27:00.526802+00:00",
  "total_duration": 12.642967,
  "success": false
}