{
  "game_id": "fbb5574b-4c6e-43ff-bdbd-3ce1d6dfbfc2",
  "start_time": "2025-02-13T13:25:48.735262+00:00",
  "choices": [
    {
      "round": 0,
      "quadrant": 0,
      "cue_name": "A",
      "color": "RED",
      "timestamp": "2025-02-13T13:25:50.292Z",
      "choice_number": 1
    },
    {
      "round": 1,
      "quadrant": 1,
      "cue_name": "B",
      "color": "RED",
      "timestamp": "2025-02-13T13:25:51.743Z",
      "choice_number": 1
    },
    {
      "round": 2,
      "quadrant": 2,
      "cue_name": "C",
      "color": "RED",
      "timestamp": "2025-02-13T13:25:53.578Z",
      "choice_number": 1
    },
    {
      "round": 3,
      "quadrant": 1,
      "cue_name": "B",
      "color": "GREEN",
      "timestamp": "2025-02-13T13:25:55.120Z",
      "choice_number": 1
    },
    {
      "round": 4,
      "quadrant": 0,
      "cue_name": "A",
      "color": "GREEN",
      "timestamp": "2025-02-13T13:25:56.898Z",
      "choice_number": 1
    },
    {
      "round": 5,
      "quadrant": 3,
      "cue_name": "D",
      "color": "GREEN",
      "timestamp": "2025-02-13T13:25:58.349Z",
      "choice_number": 1
    },
    {
      "round": 6,
      "quadrant": 1,
      "cue_name": "B",
      "color": "RED",
      "timestamp": "2025-02-13T13:26:00.048Z",
      "choice_number": 1
    },
    {
      "round": 7,
      "quadrant": 1,
      "cue_name": "B",
      "color": "GREEN",
      "timestamp": "2025-02-13T13:26:01.918Z",
      "choice_number": 1
    },
    {
      "round": 8,
      "quadrant": 2,
      "cue_name": "C",
      "color": "RED",
      "timestamp": "2025-02-13T13:26:05.054Z",
      "choice_number": 1
    }
  ],
  "final_choice": {
    "chosen_quadrant": 2,
    "correct": true,
    "score": 100,
    "biased_quadrant": 2
  },
  "completion_time": "2025-02-13T13:26:07.311341+00:00",
  "total_duration": 18.576079,
  "success": true
}