{
  "game_id": "dc6f3e0c-eae5-4440-ae7b-ebdada15f6a2",
  "start_time": "2025-02-13T13:27:40.958571+00:00",
  "choices": [
    {
      "round": 0,
      "quadrant": 1,
      "cue_name": "B",
      "color": "RED",
      "timestamp": "2025-02-13T13:27:42.273Z",
      "choice_number": 1
    },
    {
      "round": 1,
      "quadrant": 1,
      "cue_name": "B",
      "color": "GREEN",
      "timestamp": "2025-02-13T13:27:43.890Z",
      "choice_number": 1
    },
    {
      "round": 2,
      "quadrant": 3,
      "cue_name": "D",
      "color": "GREEN",
      "timestamp": "2025-02-13T13:27:45.607Z",
      "choice_number": 1
    },
    {
      "round": 3,
      "quadrant": 3,
      "cue_name": "D",
      "color": "GREEN",
      "timestamp": "2025-02-13T13:27:47.108Z",
      "choice_number": 1
    },
    {
      "round": 4,
      "quadrant": 3,
      "cue_name": "D",
      "color": "RED",
      "timestamp": "2025-02-13T13:27:50.372Z",
      "choice_number": 1
    },
    {
      "round": 5,
      "quadrant": 2,
      "cue_name": "C",
      "color": "RED",
      "timestamp": "2025-02-13T13:27:51.979Z",
      "choice_number": 1
    },
    {
      "round": 6,
      "quadrant": 2,
      "cue_name": "C",
      "color": "RED",
      "timestamp": "2025-02-13T13:27:53.497Z",
      "choice_number": 1
    },
    {
      "round": 7,
      "quadrant": 2,
      "cue_name": "C",
      "color": "GREEN",
      "timestamp": "2025-02-13T13:27:55.077Z",
      "choice_number": 1
    }
  ],
  "final_choice": {
    "chosen_quadrant": 0,
    "correct": true,
    "score": 100,
    "biased_quadrant": 0
  },
  "completion_time": "2025-02-13T13:27:57.201729+00:00",
  "total_duration": 16.243158,
  "success": true
}