{
  "game_id": "c8c3b5bb-68cf-4657-807c-7590a0579954",
  "start_time": "2025-02-13T13:32:26.384222+00:00",
  "choices": [
    {
      "round": 0,
      "quadrant": 3,
      "cue_name": "D",
      "color": "RED",
      "timestamp": "2025-02-13T13:32:27.677Z",
      "choice_number": 1
    },
    {
      "round": 1,
      "quadrant": 1,
      "cue_name": "B",
      "color": "GREEN",
      "timestamp": "2025-02-13T13:32:29.053Z",
      "choice_number": 1
    },
    {
      "round": 2,
      "quadrant": 3,
      "cue_name": "D",
      "color": "GREEN",
      "timestamp": "2025-02-13T13:32:31.696Z",
      "choice_number": 1
    },
    {
      "round": 3,
      "quadrant": 1,
      "cue_name": "B",
      "color": "RED",
      "timestamp": "2025-02-13T13:32:33.065Z",
      "choice_number": 1
    },
    {
      "round": 4,
      "quadrant": 3,
      "cue_name": "D",
      "color": "RED",
      "timestamp": "2025-02-13T13:32:35.733Z",
      "choice_number": 1
    },
    {
      "round": 5,
      "quadrant": 1,
      "cue_name": "B",
      "color": "RED",
      "timestamp": "2025-02-13T13:32:37.971Z",
      "choice_number": 1
    },
    {
      "round": 6,
      "quadrant": 0,
      "cue_name": "A",
      "color": "RED",
      "timestamp": "2025-02-13T13:32:39.534Z",
      "choice_number": 1
    },
    {
      "round": 7,
      "quadrant": 2,
      "cue_name": "C",
      "color": "RED",
      "timestamp": "2025-02-13T13:32:42.323Z",
      "choice_number": 1
    }
  ],
  "final_choice": {
    "chosen_quadrant": 3,
    "correct": false,
    "score": -100,
    "biased_quadrant": 0
  },
  "completion_time": "2025-02-13T13:45:55.615268+00:00",
  "total_duration": 809.231046,
  "success": false
}