{
  "game_id": "4ea3f7d5-c0d5-4685-bf10-3b728905826e",
  "start_time": "2025-02-11T17:29:02.550394+00:00",
  "choices": [
    {
      "round": 0,
      "quadrant": 3,
      "cue_name": "D",
      "color": "RED",
      "timestamp": "2025-02-11T17:29:03.935Z",
      "choice_number": 1
    },
    {
      "round": 1,
      "quadrant": 2,
      "cue_name": "C",
      "color": "RED",
      "timestamp": "2025-02-11T17:29:05.647Z",
      "choice_number": 1
    },
    {
      "round": 2,
      "quadrant": 2,
      "cue_name": "C",
      "color": "RED",
      "timestamp": "2025-02-11T17:29:07.015Z",
      "choice_number": 1
    },
    {
      "round": 3,
      "quadrant": 3,
      "cue_name": "D",
      "color": "RED",
      "timestamp": "2025-02-11T17:29:08.168Z",
      "choice_number": 1
    },
    {
      "round": 4,
      "quadrant": 0,
      "cue_name": "A",
      "color": "GREEN",
      "timestamp": "2025-02-11T17:29:09.639Z",
      "choice_number": 1
    },
    {
      "round": 5,
      "quadrant": 0,
      "cue_name": "A",
      "color": "RED",
      "timestamp": "2025-02-11T17:29:11.046Z",
      "choice_number": 1
    },
    {
      "round": 6,
      "quadrant": 3,
      "cue_name": "D",
      "color": "GREEN",
      "timestamp": "2025-02-11T17:29:12.680Z",
      "choice_number": 1
    },
    {
      "round": 7,
      "quadrant": 1,
      "cue_name": "B",
      "color": "GREEN",
      "timestamp": "2025-02-11T17:29:13.827Z",
      "choice_number": 1
    },
    {
      "round": 8,
      "quadrant": 2,
      "cue_name": "C",
      "color": "RED",
      "timestamp": "2025-02-11T17:29:16.962Z",
      "choice_number": 1
    },
    {
      "round": 9,
      "quadrant": 1,
      "cue_name": "B",
      "color": "RED",
      "timestamp": "2025-02-11T17:29:18.747Z",
      "choice_number": 1
    },
    {
      "round": 10,
      "quadrant": 0,
      "cue_name": "A",
      "color": "RED",
      "timestamp": "2025-02-11T17:29:20.665Z",
      "choice_number": 1
    },
    {
      "round": 11,
      "quadrant": 2,
      "cue_name": "C",
      "color": "RED",
      "timestamp": "2025-02-11T17:29:22.399Z",
      "choice_number": 1
    },
    {
      "round": 12,
      "quadrant": 3,
      "cue_name": "D",
      "color": "GREEN",
      "timestamp": "2025-02-11T17:29:28.149Z",
      "choice_number": 1
    },
    {
      "round": 13,
      "quadrant": 0,
      "cue_name": "A",
      "color": "RED",
      "timestamp": "2025-02-11T17:29:29.914Z",
      "choice_number": 1
    },
    {
      "round": 14,
      "quadrant": 0,
      "cue_name": "A",
      "color": "RED",
      "timestamp": "2025-02-11T17:29:31.480Z",
      "choice_number": 1
    }
  ],
  "final_choice": {
    "chosen_quadrant": 2,
    "correct": false,
    "score": -100,
    "biased_quadrant": 0
  },
  "completion_time": "2025-02-11T17:29:33.106626+00:00",
  "total_duration": 30.556232,
  "success": false
}