{
  "game_id": "05eeac10-6881-4ee5-abe5-3852a9e3b570",
  "start_time": "2025-02-10T17:24:11.443305+00:00",
  "choices": [
    {
      "round": 0,
      "quadrant": 0,
      "cue_name": "A",
      "color": "GREEN",
      "timestamp": "2025-02-10T17:24:12.233Z",
      "choice_number": 1
    },
    {
      "round": 1,
      "quadrant": 1,
      "cue_name": "B",
      "color": "RED",
      "timestamp": "2025-02-10T17:24:13.012Z",
      "choice_number": 1
    },
    {
      "round": 2,
      "quadrant": 0,
      "cue_name": "A",
      "color": "RED",
      "timestamp": "2025-02-10T17:24:13.933Z",
      "choice_number": 1
    },
    {
      "round": 3,
      "quadrant": 0,
      "cue_name": "A",
      "color": "GREEN",
      "timestamp": "2025-02-10T17:24:15.385Z",
      "choice_number": 1
    },
    {
      "round": 4,
      "quadrant": 2,
      "cue_name": "C",
      "color": "RED",
      "timestamp": "2025-02-10T17:24:16.563Z",
      "choice_number": 1
    }
  ],
  "final_choice": {
    "chosen_quadrant": 0,
    "correct": false,
    "score": -100,
    "biased_quadrant": 2
  },
  "completion_time": "2025-02-10T17:24:18.150287+00:00",
  "total_duration": 6.706982,
  "success": false
}