{
  "game_id": "3b4e5435-10fa-4c34-be76-7bc8cb099023",
  "start_time": "2025-02-11T07:35:07.326948+00:00",
  "choices": [
    {
      "round": 0,
      "quadrant": 1,
      "cue_name": "B",
      "color": "RED",
      "timestamp": "2025-02-11T07:35:09.192Z",
      "choice_number": 1
    },
    {
      "round": 1,
      "quadrant": 1,
      "cue_name": "B",
      "color": "RED",
      "timestamp": "2025-02-11T07:35:10.859Z",
      "choice_number": 1
    },
    {
      "round": 2,
      "quadrant": 1,
      "cue_name": "B",
      "color": "RED",
      "timestamp": "2025-02-11T07:35:12.390Z",
      "choice_number": 1
    },
    {
      "round": 3,
      "quadrant": 2,
      "cue_name": "C",
      "color": "GREEN",
      "timestamp": "2025-02-11T07:35:14.360Z",
      "choice_number": 1
    },
    {
      "round": 4,
      "quadrant": 1,
      "cue_name": "B",
      "color": "RED",
      "timestamp": "2025-02-11T07:35:16.058Z",
      "choice_number": 1
    },
    {
      "round": 5,
      "quadrant": 1,
      "cue_name": "B",
      "color": "RED",
      "timestamp": "2025-02-11T07:35:18.724Z",
      "choice_number": 1
    },
    {
      "round": 6,
      "quadrant": 1,
      "cue_name": "B",
      "color": "GREEN",
      "timestamp": "2025-02-11T07:35:20.354Z",
      "choice_number": 1
    },
    {
      "round": 7,
      "quadrant": 3,
      "cue_name": "D",
      "color": "GREEN",
      "timestamp": "2025-02-11T07:35:21.387Z",
      "choice_number": 1
    },
    {
      "round": 8,
      "quadrant": 3,
      "cue_name": "D",
      "color": "GREEN",
      "timestamp": "2025-02-11T07:35:22.807Z",
      "choice_number": 1
    },
    {
      "round": 9,
      "quadrant": 3,
      "cue_name": "D",
      "color": "GREEN",
      "timestamp": "2025-02-11T07:35:24.139Z",
      "choice_number": 1
    },
    {
      "round": 10,
      "quadrant": 3,
      "cue_name": "D",
      "color": "RED",
      "timestamp": "2025-02-11T07:35:25.493Z",
      "choice_number": 1
    },
    {
      "round": 11,
      "quadrant": 3,
      "cue_name": "D",
      "color": "RED",
      "timestamp": "2025-02-11T07:35:26.974Z",
      "choice_number": 1
    }
  ],
  "final_choice": {
    "chosen_quadrant": 1,
    "correct": true,
    "score": 100,
    "biased_quadrant": 1
  },
  "completion_time": "2025-02-11T07:35:29.212901+00:00",
  "total_duration": 21.885953,
  "success": true
}