{
  "game_id": "3534f000-0870-4f85-83cd-9e2162d3e3cd",
  "start_time": "2025-02-14T14:49:51.655009+00:00",
  "choices": [
    {
      "round": 0,
      "quadrant": 2,
      "cue_name": "C",
      "color": "RED",
      "timestamp": "2025-02-14T14:49:52.998Z",
      "choice_number": 1
    },
    {
      "round": 1,
      "quadrant": 3,
      "cue_name": "D",
      "color": "GREEN",
      "timestamp": "2025-02-14T14:49:54.564Z",
      "choice_number": 1
    },
    {
      "round": 2,
      "quadrant": 1,
      "cue_name": "B",
      "color": "GREEN",
      "timestamp": "2025-02-14T14:49:55.976Z",
      "choice_number": 1
    },
    {
      "round": 3,
      "quadrant": 0,
      "cue_name": "A",
      "color": "RED",
      "timestamp": "2025-02-14T14:49:58.557Z",
      "choice_number": 1
    },
    {
      "round": 4,
      "quadrant": 1,
      "cue_name": "B",
      "color": "GREEN",
      "timestamp": "2025-02-14T14:50:00.752Z",
      "choice_number": 1
    },
    {
      "round": 5,
      "quadrant": 3,
      "cue_name": "D",
      "color": "RED",
      "timestamp": "2025-02-14T14:50:02.532Z",
      "choice_number": 1
    },
    {
      "round": 6,
      "quadrant": 2,
      "cue_name": "C",
      "color": "RED",
      "timestamp": "2025-02-14T14:50:04.258Z",
      "choice_number": 1
    },
    {
      "round": 7,
      "quadrant": 2,
      "cue_name": "C",
      "color": "RED",
      "timestamp": "2025-02-14T14:50:05.609Z",
      "choice_number": 1
    },
    {
      "round": 8,
      "quadrant": 2,
      "cue_name": "C",
      "color": "GREEN",
      "timestamp": "2025-02-14T14:50:07.052Z",
      "choice_number": 1
    },
    {
      "round": 9,
      "quadrant": 2,
      "cue_name": "C",
      "color": "GREEN",
      "timestamp": "2025-02-14T14:50:10.391Z",
      "choice_number": 1
    }
  ],
  "final_choice": {
    "chosen_quadrant": 2,
    "correct": false,
    "score": -100,
    "biased_quadrant": 0
  },
  "completion_time": "2025-02-14T14:50:11.978291+00:00",
  "total_duration": 20.323282,
  "success": false
}